"Somatic Mutation Type","colon1","colon2","colon3","intestine1","intestine2","intestine3","liver1","liver2","liver3"
"A[C>A]A","  3.0001"," 10.0001"," 10.0001","  5.0001"," 19.0001","  6.0001","  8.0001"," 10.0001","  3.0001"
"A[C>A]C","  0.0001","  3.0001","  3.0001","  1.0001","  8.0001","  4.0001","  1.0001","  8.0001","  2.0001"
"A[C>A]G","  2.0001","  3.0001","  3.0001","  1.0001","  4.0001","  0.0001","  1.0001","  6.0001","  2.0001"
"A[C>A]T","  0.0001","  2.0001","  9.0001","  0.0001","  9.0001","  2.0001","  2.0001"," 12.0001","  2.0001"
"C[C>A]A","  1.0001","  8.0001","  5.0001","  0.0001","  8.0001","  7.0001","  2.0001"," 15.0001","  3.0001"
"C[C>A]C","  2.0001","  5.0001","  3.0001","  1.0001","  3.0001","  2.0001","  1.0001"," 16.0001","  2.0001"
"C[C>A]G","  1.0001","  1.0001","  0.0001","  0.0001","  1.0001","  0.0001","  0.0001","  4.0001","  0.0001"
"C[C>A]T","  1.0001","  2.0001","  4.0001","  0.0001","  6.0001","  3.0001","  1.0001"," 13.0001","  4.0001"
"G[C>A]A","  4.0001","  8.0001","  9.0001","  1.0001","  7.0001","  5.0001","  6.0001"," 12.0001","  4.0001"
"G[C>A]C","  2.0001","  3.0001","  2.0001","  0.0001","  5.0001","  5.0001","  4.0001","  7.0001","  1.0001"
"G[C>A]G","  1.0001","  2.0001","  1.0001","  0.0001","  1.0001","  0.0001","  1.0001","  3.0001","  1.0001"
"G[C>A]T","  2.0001","  5.0001","  5.0001","  1.0001","  7.0001","  2.0001","  2.0001","  7.0001","  2.0001"
"T[C>A]A","  3.0001","  6.0001","  8.0001","  2.0001","  9.0001","  8.0001","  8.0001"," 14.0001","  1.0001"
"T[C>A]C","  3.0001","  5.0001","  3.0001","  2.0001","  8.0001","  2.0001","  2.0001"," 10.0001","  2.0001"
"T[C>A]G","  0.0001","  2.0001","  1.0001","  0.0001","  4.0001","  1.0001","  1.0001","  0.0001","  3.0001"
"T[C>A]T","  3.0001"," 12.0001"," 13.0001","  5.0001"," 19.0001","  7.0001","  3.0001","  9.0001","  7.0001"
"A[C>G]A","  0.0001","  4.0001","  0.0001","  0.0001","  4.0001","  1.0001","  1.0001"," 10.0001","  3.0001"
"A[C>G]C","  1.0001","  2.0001","  0.0001","  0.0001","  7.0001","  3.0001","  1.0001","  3.0001","  4.0001"
"A[C>G]G","  0.0001","  1.0001","  0.0001","  0.0001","  4.0001","  1.0001","  0.0001","  1.0001","  0.0001"
"A[C>G]T","  0.0001","  1.0001","  3.0001","  1.0001","  3.0001","  4.0001","  1.0001","  9.0001","  3.0001"
"C[C>G]A","  1.0001","  0.0001","  0.0001","  0.0001","  1.0001","  0.0001","  0.0001","  3.0001","  3.0001"
"C[C>G]C","  0.0001","  4.0001","  0.0001","  1.0001","  0.0001","  0.0001","  4.0001","  7.0001","  1.0001"
"C[C>G]G","  0.0001","  1.0001","  1.0001","  0.0001","  1.0001","  1.0001","  0.0001","  3.0001","  0.0001"
"C[C>G]T","  1.0001","  4.0001","  0.0001","  2.0001","  7.0001","  3.0001","  0.0001"," 10.0001","  1.0001"
"G[C>G]A","  0.0001","  1.0001","  0.0001","  2.0001","  1.0001","  1.0001","  1.0001","  3.0001","  1.0001"
"G[C>G]C","  0.0001","  1.0001","  1.0001","  0.0001","  3.0001","  1.0001","  2.0001","  6.0001","  1.0001"
"G[C>G]G","  0.0001","  0.0001","  0.0001","  1.0001","  1.0001","  0.0001","  4.0001","  1.0001","  0.0001"
"G[C>G]T","  0.0001","  1.0001","  2.0001","  0.0001","  3.0001","  2.0001","  3.0001","  4.0001","  1.0001"
"T[C>G]A","  1.0001","  1.0001","  4.0001","  1.0001","  4.0001","  2.0001","  0.0001","  7.0001","  2.0001"
"T[C>G]C","  0.0001","  3.0001","  1.0001","  0.0001","  3.0001","  1.0001","  0.0001"," 10.0001","  2.0001"
"T[C>G]G","  0.0001","  0.0001","  0.0001","  0.0001","  1.0001","  0.0001","  1.0001","  2.0001","  0.0001"
"T[C>G]T","  1.0001","  5.0001","  7.0001","  0.0001","  6.0001","  7.0001","  4.0001"," 14.0001","  6.0001"
"A[C>T]A","  5.0001"," 14.0001"," 10.0001","  5.0001"," 23.0001"," 17.0001"," 10.0001"," 19.0001","  3.0001"
"A[C>T]C","  4.0001","  8.0001","  3.0001","  3.0001"," 12.0001"," 14.0001","  2.0001"," 17.0001","  3.0001"
"A[C>T]G"," 22.0001"," 80.0001"," 72.0001"," 18.0001","111.0001"," 86.0001","  8.0001"," 16.0001","  3.0001"
"A[C>T]T","  4.0001"," 15.0001","  9.0001","  1.0001"," 18.0001","  5.0001","  2.0001","  9.0001","  7.0001"
"C[C>T]A","  7.0001","  9.0001","  4.0001","  7.0001","  6.0001","  7.0001","  7.0001"," 19.0001","  6.0001"
"C[C>T]C","  2.0001","  9.0001","  4.0001","  3.0001"," 18.0001","  6.0001","  3.0001"," 19.0001","  7.0001"
"C[C>T]G"," 10.0001"," 43.0001"," 35.0001","  4.0001"," 49.0001"," 38.0001","  4.0001"," 17.0001","  1.0001"
"C[C>T]T","  2.0001"," 10.0001"," 10.0001","  2.0001","  8.0001"," 13.0001"," 11.0001"," 36.0001","  3.0001"
"G[C>T]A","  6.0001","  9.0001","  6.0001","  3.0001"," 11.0001","  8.0001","  5.0001"," 16.0001","  3.0001"
"G[C>T]C","  6.0001"," 16.0001","  9.0001","  5.0001"," 13.0001","  5.0001","  6.0001"," 15.0001","  5.0001"
"G[C>T]G"," 18.0001"," 62.0001"," 33.0001","  3.0001"," 52.0001"," 35.0001","  2.0001","  8.0001","  2.0001"
"G[C>T]T","  4.0001"," 15.0001","  6.0001","  3.0001"," 18.0001","  5.0001","  3.0001"," 19.0001","  2.0001"
"T[C>T]A","  4.0001","  4.0001","  1.0001","  2.0001","  7.0001"," 12.0001","  9.0001"," 18.0001","  3.0001"
"T[C>T]C","  6.0001"," 10.0001"," 10.0001","  4.0001"," 19.0001","  7.0001"," 12.0001"," 19.0001"," 10.0001"
"T[C>T]G","  9.0001"," 24.0001"," 25.0001","  8.0001"," 46.0001"," 33.0001","  4.0001","  7.0001","  1.0001"
"T[C>T]T","  2.0001"," 17.0001","  6.0001","  3.0001"," 12.0001","  7.0001","  6.0001"," 22.0001","  3.0001"
"A[T>A]A","  1.0001","  3.0001","  3.0001","  2.0001","  3.0001","  4.0001","  6.0001","  8.0001","  1.0001"
"A[T>A]C","  1.0001","  3.0001","  1.0001","  2.0001","  4.0001","  1.0001","  1.0001","  7.0001","  0.0001"
"A[T>A]G","  0.0001","  7.0001","  2.0001","  0.0001","  7.0001","  2.0001","  1.0001"," 19.0001","  3.0001"
"A[T>A]T","  1.0001","  4.0001","  3.0001","  6.0001","  9.0001","  5.0001","  4.0001","  6.0001","  0.0001"
"C[T>A]A","  1.0001","  0.0001","  0.0001","  0.0001","  1.0001","  1.0001","  3.0001","  4.0001","  1.0001"
"C[T>A]C","  0.0001","  1.0001","  2.0001","  0.0001","  5.0001","  1.0001","  0.0001","  3.0001","  1.0001"
"C[T>A]G","  0.0001","  1.0001","  4.0001","  1.0001","  1.0001","  1.0001","  4.0001","  8.0001","  2.0001"
"C[T>A]T","  0.0001","  2.0001","  2.0001","  2.0001","  2.0001","  5.0001","  0.0001","  5.0001","  0.0001"
"G[T>A]A","  1.0001","  0.0001","  1.0001","  0.0001","  1.0001","  0.0001","  0.0001","  4.0001","  1.0001"
"G[T>A]C","  0.0001","  3.0001","  0.0001","  0.0001","  6.0001","  1.0001","  0.0001","  1.0001","  0.0001"
"G[T>A]G","  1.0001","  2.0001","  1.0001","  0.0001","  0.0001","  0.0001","  2.0001","  7.0001","  2.0001"
"G[T>A]T","  1.0001","  2.0001","  1.0001","  1.0001","  2.0001","  0.0001","  0.0001","  4.0001","  0.0001"
"T[T>A]A","  1.0001","  3.0001","  2.0001","  1.0001","  7.0001","  5.0001","  2.0001"," 11.0001","  1.0001"
"T[T>A]C","  1.0001","  1.0001","  1.0001","  0.0001","  4.0001","  0.0001","  2.0001","  1.0001","  1.0001"
"T[T>A]G","  2.0001","  1.0001","  0.0001","  1.0001","  3.0001","  4.0001","  2.0001","  4.0001","  0.0001"
"T[T>A]T","  2.0001","  4.0001","  2.0001","  3.0001","  2.0001","  2.0001","  3.0001"," 11.0001","  2.0001"
"A[T>C]A","  6.0001"," 12.0001"," 10.0001","  4.0001"," 17.0001","  3.0001"," 13.0001"," 34.0001","  8.0001"
"A[T>C]C","  0.0001","  6.0001","  5.0001","  1.0001","  9.0001","  2.0001","  4.0001"," 14.0001","  2.0001"
"A[T>C]G","  4.0001","  9.0001","  4.0001","  1.0001"," 14.0001","  6.0001","  9.0001"," 29.0001","  3.0001"
"A[T>C]T","  6.0001"," 14.0001","  7.0001","  1.0001"," 12.0001"," 11.0001","  8.0001"," 26.0001","  7.0001"
"C[T>C]A","  0.0001","  5.0001","  5.0001","  0.0001","  5.0001","  3.0001","  6.0001"," 11.0001","  0.0001"
"C[T>C]C","  1.0001","  3.0001","  1.0001","  1.0001","  6.0001","  2.0001","  3.0001","  5.0001","  0.0001"
"C[T>C]G","  3.0001","  1.0001","  1.0001","  1.0001","  5.0001","  1.0001","  4.0001"," 12.0001","  1.0001"
"C[T>C]T","  2.0001","  3.0001","  3.0001","  2.0001","  5.0001","  5.0001","  3.0001","  6.0001","  0.0001"
"G[T>C]A","  0.0001","  4.0001","  9.0001","  0.0001"," 10.0001","  2.0001","  3.0001"," 12.0001","  1.0001"
"G[T>C]C","  0.0001","  4.0001","  0.0001","  0.0001","  1.0001","  3.0001","  1.0001","  4.0001","  0.0001"
"G[T>C]G","  1.0001","  3.0001","  3.0001","  2.0001","  7.0001","  2.0001","  4.0001","  8.0001","  2.0001"
"G[T>C]T","  2.0001","  3.0001","  5.0001","  1.0001","  5.0001","  9.0001","  2.0001","  8.0001","  3.0001"
"T[T>C]A","  2.0001","  7.0001","  1.0001","  2.0001","  8.0001","  5.0001","  7.0001"," 11.0001","  2.0001"
"T[T>C]C","  2.0001","  3.0001","  3.0001","  4.0001","  5.0001","  2.0001","  1.0001","  9.0001","  0.0001"
"T[T>C]G","  1.0001","  6.0001","  1.0001","  2.0001","  5.0001","  3.0001","  7.0001","  9.0001","  2.0001"
"T[T>C]T","  1.0001","  7.0001","  3.0001","  4.0001"," 12.0001","  8.0001","  2.0001"," 11.0001","  1.0001"
"A[T>G]A","  1.0001","  1.0001","  0.0001","  0.0001","  4.0001","  1.0001","  2.0001","  5.0001","  0.0001"
"A[T>G]C","  0.0001","  1.0001","  0.0001","  0.0001","  1.0001","  0.0001","  1.0001","  4.0001","  1.0001"
"A[T>G]G","  1.0001","  4.0001","  1.0001","  1.0001","  1.0001","  2.0001","  2.0001","  4.0001","  2.0001"
"A[T>G]T","  2.0001","  1.0001","  0.0001","  0.0001","  0.0001","  2.0001","  4.0001","  5.0001","  2.0001"
"C[T>G]A","  1.0001","  0.0001","  3.0001","  0.0001","  0.0001","  0.0001","  1.0001","  2.0001","  2.0001"
"C[T>G]C","  1.0001","  1.0001","  0.0001","  0.0001","  0.0001","  0.0001","  0.0001"," 10.0001","  1.0001"
"C[T>G]G","  2.0001","  2.0001","  2.0001","  1.0001","  0.0001","  0.0001","  4.0001","  3.0001","  0.0001"
"C[T>G]T","  1.0001","  2.0001","  1.0001","  0.0001","  2.0001","  4.0001","  0.0001","  5.0001","  1.0001"
"G[T>G]A","  1.0001","  1.0001","  1.0001","  0.0001","  1.0001","  1.0001","  1.0001","  1.0001","  0.0001"
"G[T>G]C","  0.0001","  1.0001","  1.0001","  0.0001","  1.0001","  0.0001","  2.0001","  2.0001","  0.0001"
"G[T>G]G","  0.0001","  1.0001","  1.0001","  1.0001","  1.0001","  0.0001","  5.0001","  0.0001","  4.0001"
"G[T>G]T","  0.0001","  0.0001","  4.0001","  0.0001","  4.0001","  1.0001","  1.0001","  3.0001","  1.0001"
"T[T>G]A","  0.0001","  2.0001","  0.0001","  1.0001","  0.0001","  3.0001","  3.0001","  5.0001","  3.0001"
"T[T>G]C","  0.0001","  1.0001","  1.0001","  0.0001","  4.0001","  2.0001","  2.0001","  7.0001","  2.0001"
"T[T>G]G","  1.0001","  1.0001","  2.0001","  0.0001","  2.0001","  1.0001","  4.0001","  3.0001","  2.0001"
"T[T>G]T","  1.0001","  3.0001","  6.0001","  0.0001","  6.0001","  5.0001","  2.0001"," 14.0001","  3.0001"
